{
  "project_info": {
    "project_number": "393418097915",
    "project_id": "phonenumber-b7a0c",
    "storage_bucket": "phonenumber-b7a0c.appspot.com"
  },
  "client": [
    {
      "client_info": {
        "mobilesdk_app_id": "1:393418097915:android:cc475ec325b224f394dc5e",
        "android_client_info": {
          "package_name": "com.example.augmentedreality"
        }
      },
      "oauth_client": [
        {
          "client_id": "393418097915-vjrcajkkcgtbst31rcdplpo0nosg3ult.apps.googleusercontent.com",
          "client_type": 3
        }
      ],
      "api_key": [
        {
          "current_key": "AIzaSyDgc9hxnFK5Bg1pD6L9jD51s054BVMWeZ4"
        }
      ],
      "services": {
        "appinvite_service": {
          "other_platform_oauth_client": [
            {
              "client_id": "393418097915-vjrcajkkcgtbst31rcdplpo0nosg3ult.apps.googleusercontent.com",
              "client_type": 3
            }
          ]
        }
      }
    }
  ],
  "configuration_version": "1"
}